{
    "branchId": "b1",
    "products": [
      {
        "id": "000",
        "name": "Bok Choy",
        "unitPrice": 13.63,
        "sold": 915
      },
      {
        "id": "001",
        "name": "Boniato",
        "unitPrice": 10.78,
        "sold": 435
      },
      {
        "id": "002",
        "name": "Green Beans",
        "unitPrice": 7.34,
        "sold": 993
      },
      {
        "id": "003",
        "name": "Casaba Melon",
        "unitPrice": 6.71,
        "sold": 476
      },
      {
        "id": "004",
        "name": "Iceberg Lettuce",
        "unitPrice": 12.99,
        "sold": 516
      },
      {
        "id": "005",
        "name": "Eggplant",
        "unitPrice": 8.1,
        "sold": 593
      },
      {
        "id": "006",
        "name": "Watercress",
        "unitPrice": 8.39,
        "sold": 309
      },
      {
        "id": "007",
        "name": "Jicama",
        "unitPrice": 6.3,
        "sold": 1126
      },
      {
        "id": "008",
        "name": "Celery",
        "unitPrice": 5.66,
        "sold": 887
      },
      {
        "id": "009",
        "name": "Endive",
        "unitPrice": 14.47,
        "sold": 705
      },
      {
        "id": "010",
        "name": "Carambola",
        "unitPrice": 8.09,
        "sold": 303
      },
      {
        "id": "011",
        "name": "Raspberries",
        "unitPrice": 7.37,
        "sold": 367
      },
      {
        "id": "012",
        "name": "Spinach",
        "unitPrice": 12.42,
        "sold": 473
      },
      {
        "id": "013",
        "name": "Avocado",
        "unitPrice": 7.5,
        "sold": 387
      },
      {
        "id": "014",
        "name": "Madarins",
        "unitPrice": 5.24,
        "sold": 682
      },
      {
        "id": "015",
        "name": "Corn",
        "unitPrice": 7.71,
        "sold": 592
      },
      {
        "id": "016",
        "name": "Parsnip",
        "unitPrice": 12.01,
        "sold": 297
      },
      {
        "id": "017",
        "name": "Plums",
        "unitPrice": 11.7,
        "sold": 376
      },
      {
        "id": "018",
        "name": "Malanga",
        "unitPrice": 13.18,
        "sold": 977
      },
      {
        "id": "019",
        "name": "Dried Plums",
        "unitPrice": 6.1,
        "sold": 728
      },
      {
        "id": "020",
        "name": "Bitter Melon",
        "unitPrice": 11.93,
        "sold": 1084
      },
      {
        "id": "021",
        "name": "Grapes",
        "unitPrice": 14.27,
        "sold": 957
      },
      {
        "id": "022",
        "name": "Jerusalem Artichoke",
        "unitPrice": 14.28,
        "sold": 1122
      },
      {
        "id": "023",
        "name": "Peaches",
        "unitPrice": 14.19,
        "sold": 934
      },
      {
        "id": "024",
        "name": "Persimmons",
        "unitPrice": 11.78,
        "sold": 962
      },
      {
        "id": "025",
        "name": "Kiwifruit",
        "unitPrice": 11.8,
        "sold": 920
      },
      {
        "id": "026",
        "name": "Tomatillo",
        "unitPrice": 5.46,
        "sold": 1159
      },
      {
        "id": "027",
        "name": "Apple",
        "unitPrice": 9.81,
        "sold": 419
      },
      {
        "id": "028",
        "name": "Leeks",
        "unitPrice": 9.49,
        "sold": 220
      },
      {
        "id": "029",
        "name": "Onion",
        "unitPrice": 7.16,
        "sold": 503
      },
      {
        "id": "030",
        "name": "Collard Greens",
        "unitPrice": 11.51,
        "sold": 1004
      },
      {
        "id": "031",
        "name": "Green Onions",
        "unitPrice": 6.19,
        "sold": 1009
      },
      {
        "id": "032",
        "name": "Escarole",
        "unitPrice": 6.07,
        "sold": 272
      },
      {
        "id": "033",
        "name": "Kohlrabi",
        "unitPrice": 11.01,
        "sold": 1179
      },
      {
        "id": "034",
        "name": "Belgian Endive",
        "unitPrice": 5.68,
        "sold": 633
      },
      {
        "id": "035",
        "name": "Blueberries",
        "unitPrice": 8.45,
        "sold": 325
      },
      {
        "id": "036",
        "name": "Kumquat",
        "unitPrice": 14.16,
        "sold": 652
      },
      {
        "id": "037",
        "name": "Yuca/Cassava",
        "unitPrice": 14.86,
        "sold": 1081
      },
      {
        "id": "038",
        "name": "Prunes",
        "unitPrice": 8.19,
        "sold": 1125
      },
      {
        "id": "039",
        "name": "Cactus Pear",
        "unitPrice": 14.48,
        "sold": 604
      },
      {
        "id": "040",
        "name": "Sprouts",
        "unitPrice": 13.8,
        "sold": 784
      },
      {
        "id": "041",
        "name": "Atemoya",
        "unitPrice": 5.34,
        "sold": 952
      },
      {
        "id": "042",
        "name": "Mulberries",
        "unitPrice": 5.48,
        "sold": 483
      },
      {
        "id": "043",
        "name": "Oranges",
        "unitPrice": 8.82,
        "sold": 597
      },
      {
        "id": "044",
        "name": "Prickly Pear",
        "unitPrice": 14.59,
        "sold": 604
      },
      {
        "id": "045",
        "name": "Pomegranate",
        "unitPrice": 12.11,
        "sold": 458
      },
      {
        "id": "046",
        "name": "Pears",
        "unitPrice": 6.9,
        "sold": 856
      },
      {
        "id": "047",
        "name": "Lychee",
        "unitPrice": 10.22,
        "sold": 1140
      },
      {
        "id": "048",
        "name": "Apricot",
        "unitPrice": 13.71,
        "sold": 339
      },
      {
        "id": "049",
        "name": "Ugli Fruit",
        "unitPrice": 7.94,
        "sold": 715
      },
      {
        "id": "051",
        "name": "Papayas",
        "unitPrice": 13.07,
        "sold": 513
      },
      {
        "id": "052",
        "name": "Tangerines",
        "unitPrice": 14.38,
        "sold": 537
      },
      {
        "id": "054",
        "name": "Bamboo Shoots",
        "unitPrice": 8.82,
        "sold": 572
      },
      {
        "id": "058",
        "name": "Cranberries",
        "unitPrice": 11.41,
        "sold": 967
      },
      {
        "id": "059",
        "name": "Boysenberries",
        "unitPrice": 12.96,
        "sold": 304
      },
      {
        "id": "061",
        "name": "Mangos",
        "unitPrice": 5.36,
        "sold": 894
      },
      {
        "id": "064",
        "name": "Red Cabbage",
        "unitPrice": 8.6,
        "sold": 372
      },
      {
        "id": "065",
        "name": "Yellow Squash",
        "unitPrice": 10.57,
        "sold": 342
      },
      {
        "id": "066",
        "name": "Cherimoya",
        "unitPrice": 7.59,
        "sold": 746
      },
      {
        "id": "069",
        "name": "Guava",
        "unitPrice": 13.85,
        "sold": 294
      },
      {
        "id": "071",
        "name": "Lettuce",
        "unitPrice": 7.96,
        "sold": 851
      },
      {
        "id": "072",
        "name": "Tangelo",
        "unitPrice": 11.55,
        "sold": 922
      },
      {
        "id": "073",
        "name": "Broccoflower",
        "unitPrice": 14.08,
        "sold": 739
      },
      {
        "id": "074",
        "name": "Figs",
        "unitPrice": 13.73,
        "sold": 312
      },
      {
        "id": "075",
        "name": "Mushrooms",
        "unitPrice": 6.32,
        "sold": 469
      },
      {
        "id": "076",
        "name": "Limes",
        "unitPrice": 11.55,
        "sold": 638
      },
      {
        "id": "077",
        "name": "Chayote",
        "unitPrice": 14.32,
        "sold": 440
      },
      {
        "id": "078",
        "name": "Raisins",
        "unitPrice": 11.49,
        "sold": 336
      },
      {
        "id": "080",
        "name": "Cabbage",
        "unitPrice": 5.7,
        "sold": 662
      },
      {
        "id": "081",
        "name": "Longan",
        "unitPrice": 7.58,
        "sold": 411
      },
      {
        "id": "082",
        "name": "Alfalfa Sprouts",
        "unitPrice": 11.29,
        "sold": 463
      },
      {
        "id": "084",
        "name": "Lima Beans",
        "unitPrice": 5.43,
        "sold": 445
      },
      {
        "id": "085",
        "name": "Romaine Lettuce",
        "unitPrice": 14.93,
        "sold": 345
      },
      {
        "id": "086",
        "name": "Okra",
        "unitPrice": 13.47,
        "sold": 420
      },
      {
        "id": "089",
        "name": "Yams",
        "unitPrice": 7.53,
        "sold": 285
      },
      {
        "id": "091",
        "name": "Watermelon",
        "unitPrice": 10.92,
        "sold": 693
      },
      {
        "id": "092",
        "name": "Horned Melon",
        "unitPrice": 8.69,
        "sold": 503
      },
      {
        "id": "094",
        "name": "Shallots",
        "unitPrice": 6.81,
        "sold": 217
      },
      {
        "id": "095",
        "name": "Rutabaga",
        "unitPrice": 8.44,
        "sold": 878
      },
      {
        "id": "096",
        "name": "Honeydew Melon",
        "unitPrice": 7.77,
        "sold": 853
      },
      {
        "id": "098",
        "name": "Hominy",
        "unitPrice": 7.64,
        "sold": 985
      },
      {
        "id": "099",
        "name": "Gooseberries",
        "unitPrice": 5.38,
        "sold": 242
      },
      {
        "id": "100",
        "name": "Cherries",
        "unitPrice": 6.26,
        "sold": 481
      },
      {
        "id": "102",
        "name": "Quince",
        "unitPrice": 11.23,
        "sold": 404
      },
      {
        "id": "103",
        "name": "Fennel",
        "unitPrice": 11.39,
        "sold": 559
      },
      {
        "id": "104",
        "name": "Napa",
        "unitPrice": 6.94,
        "sold": 1115
      },
      {
        "id": "105",
        "name": "Cantaloupe",
        "unitPrice": 10.89,
        "sold": 351
      },
      {
        "id": "106",
        "name": "Radishes",
        "unitPrice": 13.38,
        "sold": 369
      },
      {
        "id": "107",
        "name": "Beans",
        "unitPrice": 14.13,
        "sold": 672
      },
      {
        "id": "108",
        "name": "Snow Peas",
        "unitPrice": 7.09,
        "sold": 583
      },
      {
        "id": "109",
        "name": "Feijoa",
        "unitPrice": 5.99,
        "sold": 995
      },
      {
        "id": "110",
        "name": "Asian Pear",
        "unitPrice": 6.09,
        "sold": 822
      },
      {
        "id": "113",
        "name": "Tomato",
        "unitPrice": 10.26,
        "sold": 859
      },
      {
        "id": "114",
        "name": "Kale",
        "unitPrice": 7.52,
        "sold": 622
      },
      {
        "id": "116",
        "name": "Grapefruit",
        "unitPrice": 9.97,
        "sold": 820
      },
      {
        "id": "118",
        "name": "Passion Fruit",
        "unitPrice": 12.76,
        "sold": 999
      },
      {
        "id": "119",
        "name": "Carrots",
        "unitPrice": 13.84,
        "sold": 1049
      },
      {
        "id": "121",
        "name": "Turnip",
        "unitPrice": 8.58,
        "sold": 737
      },
      {
        "id": "122",
        "name": "Garlic",
        "unitPrice": 10.14,
        "sold": 1058
      },
      {
        "id": "124",
        "name": "String Beans",
        "unitPrice": 9.37,
        "sold": 936
      },
      {
        "id": "125",
        "name": "Nectarines",
        "unitPrice": 14.36,
        "sold": 830
      },
      {
        "id": "126",
        "name": "Lemons",
        "unitPrice": 6.53,
        "sold": 1091
      },
      {
        "id": "127",
        "name": "Potatoes",
        "unitPrice": 9.21,
        "sold": 355
      },
      {
        "id": "128",
        "name": "Sweet Potato",
        "unitPrice": 12,
        "sold": 917
      },
      {
        "id": "130",
        "name": "Pummelo",
        "unitPrice": 12.93,
        "sold": 398
      },
      {
        "id": "131",
        "name": "Coconuts",
        "unitPrice": 6.61,
        "sold": 793
      }
    ]
  }